<?xml version="1.0" encoding="UTF-8"?>
<web-app xmlns:xsi="http://www.w3.org/2001/XMLSchema-instance" 
         xmlns="http://xmlns.jcp.org/xml/ns/javaee" 
         xsi:schemaLocation="http://xmlns.jcp.org/xml/ns/javaee http://xmlns.jcp.org/xml/ns/javaee/web-app_3_1.xsd" 
         version="3.1">
         
         
         <servlet>
         
              <servlet-name>StaffinsertServlet</servlet-name>
              <servlet-class>staffPackage.StaffinsertServlet</servlet-class>
              
        </servlet>
         
         
         <servlet-mapping>
                       
                       <servlet-name>StaffinsertServlet</servlet-name>
                       <url-pattern>/StaffinsertServlet</url-pattern>
        </servlet-mapping>
                 
         <servlet>
         
              <servlet-name>StaffGetAll</servlet-name>
              <servlet-class>staffPackage.StaffGetAll</servlet-class>
              
        </servlet>
         
         
         <servlet-mapping>
                       
                       <servlet-name>StaffGetAll</servlet-name>
                       <url-pattern>/StaffGetAll</url-pattern>
        </servlet-mapping>
        
        
        <servlet>
         
              <servlet-name>UpdateServlet</servlet-name>
              <servlet-class>staffPackage.UpdateServlet</servlet-class>
              
        </servlet>
         
         
         <servlet-mapping>
                       
                       <servlet-name>UpdateServlet</servlet-name>
                       <url-pattern>/UpdateServlet</url-pattern>
        </servlet-mapping>
             <servlet>
         
              <servlet-name>DeleteStaffServlet</servlet-name>
              <servlet-class>staffPackage.DeleteStaffServlet</servlet-class>
              
        </servlet>
         
         
         <servlet-mapping>
                       
                       <servlet-name>DeleteStaffServlet</servlet-name>
                       <url-pattern>/DeleteStaffServlet</url-pattern>
        </servlet-mapping>
        
        <!-- User InsertServlet-->
                     <servlet>
         
              <servlet-name>UserInsertServlet</servlet-name>
              <servlet-class>UserPackage./UserInsertServlet</servlet-class>
              
        </servlet>
         
         
         <servlet-mapping>
                       
                       <servlet-name>UserInsertServlet</servlet-name>
                       <url-pattern>/UserInsertServlet</url-pattern>
        </servlet-mapping>
        
                     <servlet>
         
              <servlet-name>LoginServlet</servlet-name>
              <servlet-class>UserPackage.LoginServlet</servlet-class>
              
        </servlet>
         
         
         <servlet-mapping>
                       
                       <servlet-name>LoginServlet</servlet-name>
                       <url-pattern>/LoginServlet</url-pattern>
        </servlet-mapping>
                          <servlet>
         
              <servlet-name>ProfileServlet</servlet-name>
              <servlet-class>UserPackage.ProfileServlet</servlet-class>
              
        </servlet>
         
         
         <servlet-mapping>
                       
                       <servlet-name>ProfileServlet</servlet-name>
                       <url-pattern>/ProfileServlet</url-pattern>
        </servlet-mapping>
        
                                <servlet>
         
              <servlet-name>UpdateProfileServlet</servlet-name>
              <servlet-class>UserPackage.UpdateProfileServlett</servlet-class>
              
        </servlet>
         
         
         <servlet-mapping>
                       
                       <servlet-name>UpdateProfileServlet</servlet-name>
                       <url-pattern>/UpdateProfileServlet</url-pattern>
        </servlet-mapping>
        <servlet>
         
              <servlet-name>DeleteServlet</servlet-name>
              <servlet-class>UserPackage.DeleteServlet</servlet-class>
              
        </servlet>
         
         
         <servlet-mapping>
                       
                       <servlet-name>DeleteServlet</servlet-name>
                       <url-pattern>/DeleteServlet</url-pattern>
        </servlet-mapping>
        
                 <servlet>
         
              <servlet-name>UserGetAll</servlet-name>
              <servlet-class>UserPackage.UserGetAll</servlet-class>
              
        </servlet>
         
         
         <servlet-mapping>
                       
                       <servlet-name>UserGetAll</servlet-name>
                       <url-pattern>/UserGetAll</url-pattern>
        </servlet-mapping>
                         <servlet>
         
              <servlet-name>AdminUpdateUser</servlet-name>
              <servlet-class>UserPackage.AdminUpdateUser</servlet-class>
              
        </servlet>
         
         
         <servlet-mapping>
                       
                       <servlet-name>AdminUpdateUser</servlet-name>
                       <url-pattern>/AdminUpdateUser</url-pattern>
        </servlet-mapping>
                                 <servlet>
         
              <servlet-name>AdminUserDeleteServlet</servlet-name>
              <servlet-class>UserPackage.AdminUserDeleteServlet</servlet-class>
              
        </servlet>
         
         
         <servlet-mapping>
                       
                       <servlet-name>AdminUserDeleteServlet</servlet-name>
                       <url-pattern>/AdminUserDeleteServlet</url-pattern>
        </servlet-mapping>
                                         <servlet>
         
              <servlet-name>LogoutServlet</servlet-name>
              <servlet-class>UserPackage.LogoutServlet</servlet-class>
              
        </servlet>
         
         
         <servlet-mapping>
                       
                       <servlet-name>LogoutServlet</servlet-name>
                       <url-pattern>/LogoutServlet</url-pattern>
        </servlet-mapping>
                                                 <servlet>
         
              <servlet-name>AdminInsertServlet</servlet-name>
              <servlet-class>UserPackage.AdminInsertServlet</servlet-class>
              
        </servlet>
         
         
         <servlet-mapping>
                       
                       <servlet-name>AdminInsertServlet</servlet-name>
                       <url-pattern>/AdminInsertServlet</url-pattern>
        </servlet-mapping>
                                                         <servlet>
         
              <servlet-name>AdminLoginServlet</servlet-name>
              <servlet-class>UserPackage.AdminLoginServlet</servlet-class>
              
        </servlet>
         
         
         <servlet-mapping>
                       
                       <servlet-name>AdminLoginServlet</servlet-name>
                       <url-pattern>/AdminLoginServlet</url-pattern>
        </servlet-mapping>
        <servlet>
         
              <servlet-name>AdminProfileServlet</servlet-name>
              <servlet-class>UserPackage.AdminProfileServlet</servlet-class>
              
        </servlet>
         
         
         <servlet-mapping>
                       
                       <servlet-name>AdminProfileServlet</servlet-name>
                       <url-pattern>/AdminProfileServlet</url-pattern>
        </servlet-mapping>
                <servlet>
         
              <servlet-name>AdminEditeServlet</servlet-name>
              <servlet-class>UserPackage.AdminEditeServlet</servlet-class>
              
        </servlet>
         
         
         <servlet-mapping>
                       
                       <servlet-name>AdminEditeServlet</servlet-name>
                       <url-pattern>/AdminEditeServlet</url-pattern>
        </servlet-mapping>
                        <servlet>
         
              <servlet-name>AdminDeleteServlet</servlet-name>
              <servlet-class>UserPackage.AdminDeleteServlet</servlet-class>
              
        </servlet>
         
         
         <servlet-mapping>
                       
                       <servlet-name>AdminDeleteServlet</servlet-name>
                       <url-pattern>/AdminDeleteServlet</url-pattern>
        </servlet-mapping>
        
                                <servlet>
         
              <servlet-name>InsertServlet</servlet-name>
              <servlet-class>DepartmentPackage.InsertServlet</servlet-class>
              
        </servlet>
         
         
         <servlet-mapping>
                       
                       <servlet-name>InsertServlet</servlet-name>
                       <url-pattern>/InsertServlet</url-pattern>
        </servlet-mapping>
        
                                        <servlet>
         
              <servlet-name>DepartmentUpdateServlet</servlet-name>
              <servlet-class>DepartmentPackage.DepartmentUpdateServlet</servlet-class>
              
        </servlet>
         
         
         <servlet-mapping>
                       
                       <servlet-name>DepartmentUpdateServlet</servlet-name>
                       <url-pattern>/DepartmentUpdateServlet</url-pattern>
        </servlet-mapping>
        
                                                <servlet>
         
              <servlet-name>DepartmentGetAll</servlet-name>
              <servlet-class>DepartmentPackage.DepartmentGetAll</servlet-class>
              
        </servlet>
         
         
         <servlet-mapping>
                       
                       <servlet-name>DepartmentGetAll</servlet-name>
                       <url-pattern>/DepartmentGetAll</url-pattern>
        </servlet-mapping>
        
                                                        <servlet>
         
              <servlet-name>DepartmentDeleteServlet</servlet-name>
              <servlet-class>DepartmentPackage.DepartmentDeleteServlet</servlet-class>
              
        </servlet>
         
         
         <servlet-mapping>
                       
                       <servlet-name>DepartmentDeleteServlet</servlet-name>
                       <url-pattern>/DepartmentDeleteServlet</url-pattern>
        </servlet-mapping>
                                                              <servlet>
         
              <servlet-name>DepLogout</servlet-name>
              <servlet-class>DepartmentPackage.DepLogout</servlet-class>
              
        </servlet>
         
         
         <servlet-mapping>
                       
                       <servlet-name>DepLogout</servlet-name>
                       <url-pattern>/DepLogout</url-pattern>
        </servlet-mapping>
        
           <servlet>
     	<servlet-name> leaveinsertServlet</servlet-name>
     	<servlet-class>requestLeavePackage.leaveinsertServlet</servlet-class>
     </servlet>
     
     <servlet-mapping>
     	<servlet-name>leaveinsertServlet</servlet-name>
     	<url-pattern>/leaveinsertServlet</url-pattern>
     </servlet-mapping>
     
          <servlet>
     	<servlet-name> leaveGetAllServlet</servlet-name>
     	<servlet-class>requestLeavePackage.leaveGetAllServlet</servlet-class>
     </servlet>
     
     <servlet-mapping>
     	<servlet-name>leaveGetAllServlet</servlet-name>
     	<url-pattern>/leaveGetAllServlet</url-pattern>
     </servlet-mapping>

	  <servlet>
     	<servlet-name> leaveUpdateServlet</servlet-name>
     	<servlet-class>requestLeavePackage.leaveUpdateServlet</servlet-class>
     </servlet>
     
     <servlet-mapping>
     	<servlet-name>leaveUpdateServlet</servlet-name>
     	<url-pattern>/leaveUpdateServlet</url-pattern>
     </servlet-mapping>
     
     <servlet>
     	<servlet-name> leaveDeleteServlet</servlet-name>
     	<servlet-class>requestLeavePackage.leaveDeleteServlet</servlet-class>
     </servlet>
     
     <servlet-mapping>
     	<servlet-name>leaveDeleteServlet</servlet-name>
     	<url-pattern>/leaveDeleteServlet</url-pattern>
     </servlet-mapping> 
     
             <servlet>
     	<servlet-name> BranchInsertServlet</servlet-name>
     	<servlet-class>BranchPackage.BranchInsertServlet</servlet-class>
     </servlet>
     
     <servlet-mapping>
     	<servlet-name>BranchInsertServlet</servlet-name>
     	<url-pattern>/BranchInsertServlet</url-pattern>
     </servlet-mapping> 
                  <servlet>
     	<servlet-name>BranchGetAll</servlet-name>
     	<servlet-class>BranchPackage.BranchGetAll</servlet-class>
     </servlet>
     
     <servlet-mapping>
     	<servlet-name>BranchGetAll</servlet-name>
     	<url-pattern>/BranchGetAll</url-pattern>
     </servlet-mapping> 
                       <servlet>
     	<servlet-name>BranchUpdateServlet</servlet-name>
     	<servlet-class>BranchPackage.BranchUpdateServlet</servlet-class>
     </servlet>
     
     <servlet-mapping>
     	<servlet-name>BranchUpdateServlet</servlet-name>
     	<url-pattern>/BranchUpdateServlet</url-pattern>
     </servlet-mapping> 
     
                                          <servlet>
         
              <servlet-name>DisplayDepartment</servlet-name>
              <servlet-class>DepartmentPackage.DisplayDepartment</servlet-class>
              
        </servlet>
         
         
         <servlet-mapping>
                       
                       <servlet-name>DisplayDepartment</servlet-name>
                       <url-pattern>/DisplayDepartment</url-pattern>
        </servlet-mapping>
     
         </web-app>